card,card-time
102000,8.678436279296875e-05
500000,3.600120544433594e-05
28800991,3.0279159545898438e-05
2875432,4.5299530029296875e-05
14401261,2.5987625122070312e-05
