card,card-time
102000,7.677078247070312e-05
500000,3.147125244140625e-05
28800991,2.2411346435546875e-05
2875432,2.0265579223632812e-05
14401261,1.7404556274414062e-05
