card,card-time
102000,7.915496826171875e-05
500000,3.123283386230469e-05
28800991,2.2649765014648438e-05
2875432,2.002716064453125e-05
14401261,1.8358230590820312e-05
