card,card-time
102000,8.296966552734375e-05
500000,3.147125244140625e-05
28800991,2.3126602172851562e-05
2875432,2.0742416381835938e-05
14401261,1.811981201171875e-05
