card,card-time
18000,9.131431579589844e-05
100000,3.504753112792969e-05
2880404,2.6941299438476562e-05
287514,2.6464462280273438e-05
1441548,2.2172927856445312e-05
