card,card-time
18000,7.05718994140625e-05
100000,3.24249267578125e-05
2880404,2.288818359375e-05
287514,2.0265579223632812e-05
1441548,1.7881393432617188e-05
