card,card-time
18000,7.963180541992188e-05
100000,3.170967102050781e-05
2880404,2.3126602172851562e-05
287514,2.002716064453125e-05
1441548,1.7881393432617188e-05
