card,card-time
18000,7.224082946777344e-05
100000,3.719329833984375e-05
2880404,2.5272369384765625e-05
287514,2.6702880859375e-05
1441548,2.574920654296875e-05
