card,card-time
18955075712.0,0.0002186298370361328
1991504580.0,0.00012445449829101562
