card,card-time
4000278809.5576706,0.0002491474151611328
239104170.2191049,0.00011992454528808594
