card,card-time
4000278809.5576706,0.0002446174621582031
239104170.2191049,0.00011610984802246094
