card,card-time
4365960053.481685,0.004021883010864258
245509401.82128656,0.003705263137817383
