card,card-time
3684085215.718531,0.0002422332763671875
138586453.89252982,0.00013685226440429688
