card,card-time
4209574771.011915,0.0037097930908203125
144108869.0006091,0.003851652145385742
