card,card-time
18440627211.0,0.0002543926239013672
1611417666.0,0.00013899803161621094
