card,card-time
6618733291.293982,0.011120319366455078
156170434.07878542,0.014107227325439453
