card,card-time
79851,0.00010800361633300781
174305,3.3855438232421875e-05
303187,2.47955322265625e-05
11102,2.193450927734375e-05
91976,2.5987625122070312e-05
1032,2.9087066650390625e-05
40325,1.7881393432617188e-05
328064,2.193450927734375e-05
