joinhist,joinhist-time
79851,4.9591064453125e-05
174305,2.9325485229492188e-05
303187,2.193450927734375e-05
11102,2.002716064453125e-05
91976,1.811981201171875e-05
1032,2.6226043701171875e-05
40325,1.7404556274414062e-05
328064,2.1457672119140625e-05
