card,card-time
79851,5.412101745605469e-05
174305,3.62396240234375e-05
303187,3.0994415283203125e-05
11102,2.7894973754882812e-05
91976,2.5033950805664062e-05
1032,3.5762786865234375e-05
40325,2.3126602172851562e-05
328064,2.7894973754882812e-05
