card,card-time
79851,8.821487426757812e-05
174305,3.6716461181640625e-05
303187,2.9087066650390625e-05
11102,3.0994415283203125e-05
91976,2.6941299438476562e-05
1032,3.790855407714844e-05
40325,2.09808349609375e-05
328064,3.0040740966796875e-05
