card,card-time
79851,8.296966552734375e-05
174305,3.719329833984375e-05
303187,2.9802322387695312e-05
11102,2.574920654296875e-05
91976,5.7220458984375e-05
1032,5.888938903808594e-05
40325,3.1948089599609375e-05
328064,3.409385681152344e-05
