card,card-time
79851,8.702278137207031e-05
174305,3.7670135498046875e-05
303187,2.9325485229492188e-05
11102,2.384185791015625e-05
91976,2.193450927734375e-05
1032,3.3855438232421875e-05
40325,2.2172927856445312e-05
328064,2.7894973754882812e-05
