card,card-time
79851,9.512901306152344e-05
174305,3.7670135498046875e-05
303187,3.0279159545898438e-05
11102,2.47955322265625e-05
91976,2.09808349609375e-05
1032,3.3855438232421875e-05
40325,2.2172927856445312e-05
328064,2.7894973754882812e-05
