card,card-time
79851,0.00011491775512695312
174305,3.981590270996094e-05
303187,3.0040740966796875e-05
11102,2.9087066650390625e-05
91976,2.574920654296875e-05
1032,4.1961669921875e-05
40325,2.2172927856445312e-05
328064,3.695487976074219e-05
