card,card-time
79851,9.584426879882812e-05
174305,3.814697265625e-05
303187,3.0040740966796875e-05
11102,2.5033950805664062e-05
91976,2.2172927856445312e-05
1032,3.409385681152344e-05
40325,2.288818359375e-05
328064,2.7894973754882812e-05
