card,card-time
79851,7.081031799316406e-05
174305,3.600120544433594e-05
303187,2.7894973754882812e-05
11102,2.7894973754882812e-05
91976,2.5033950805664062e-05
1032,3.600120544433594e-05
40325,2.2172927856445312e-05
328064,2.8133392333984375e-05
