card,card-time
3593539325912.262,0.012815713882446289
18284577171740.938,0.014235973358154297
3237557546425.6,0.014075279235839844
75376168295979.75,0.015216827392578125
2957175.684472956,0.021739959716796875
8962449.597464735,0.02084064483642578
