joinhist,joinhist-time
249524655.4439217,0.00022530555725097656
947555714.0142536,0.0001239776611328125
235001433.1606726,0.0001049041748046875
2970342748.9956446,8.988380432128906e-05
468287.93177566514,8.7738037109375e-05
630221.6124746583,9.250640869140625e-05
