card,card-time
3589500502124.208,0.018884658813476562
18277466861425.93,0.018490076065063477
3233920490580.9077,0.01703500747680664
75305283227437.47,0.01725316047668457
2724884.213711106,0.02886795997619629
8543607.40868217,0.027820110321044922
