card,card-time
3589382201024.7754,0.010241031646728516
18277299626136.418,0.010329961776733398
3233663600135.801,0.009632110595703125
75312256088376.25,0.009489059448242188
2149319.500353847,0.017030000686645508
7536293.402659137,0.01573967933654785
