card,card-time
3593631025416.11,0.017863035202026367
18284673535162.008,0.017070770263671875
3237691480895.623,0.0159299373626709
75376552323041.03,0.016169071197509766
2785291.702216449,0.028158903121948242
8795815.76409633,0.0270688533782959
