card,card-time
3588052902477.9785,0.005789279937744141
18270401673908.055,0.005316019058227539
3231238899163.4683,0.005155086517333984
75319646368141.11,0.005116939544677734
1540622.8787455678,0.008684158325195312
4657589.376460203,0.008433341979980469
