card,card-time
286869319534.70795,0.0013077259063720703
2954221279452.0977,0.0011088848114013672
514063273206.8155,0.001062154769897461
8020777033409.084,0.0010638236999511719
727421.7698503466,0.0014300346374511719
1155813.8734817703,0.0013818740844726562
