card,card-time
3589525106857.2407,0.010298967361450195
18276675883390.727,0.009775161743164062
3233655434713.7935,0.009521961212158203
75323682203102.03,0.009747028350830078
2116729.520841376,0.017056941986083984
7419342.4078043895,0.01589202880859375
