card,card-time
3571266360681.3447,0.003287076950073242
18136483487155.52,0.0029337406158447266
3174220019890.5415,0.0029010772705078125
75017134032681.6,0.0028030872344970703
1193388.958716136,0.005007028579711914
3716404.4513694113,0.004640102386474609
