card,card-time
3575882375936.701,0.003155946731567383
18207502442506.227,0.0028700828552246094
3197114757367.5337,0.0027692317962646484
75236506884108.62,0.0027341842651367188
1140033.4662341652,0.004495143890380859
3690180.51690245,0.004293203353881836
